fan0_1,gpu1_core_temp,p1_mem_power,pkts_in,gpu4_core_temp,pcie,dimm0_temp,p0_mem_power,p0_power,gpu0_core_temp,mem_cached,gpu0_mem_temp,fan_disk_power,ps1_output_volta,proc_total,fan0_0,ambient,gpu3_core_temp,mem_free,p0_vdd_temp,p0_io_power,cpu_idle,cpu_aidle,p1_vdd_temp,p1_io_power,cpu_system,gpu3_mem_temp,proc_run,ps0_input_voltag,p1_power,ps0_input_power,bytes_in,ps0_output_volta,pkts_out,gpu1_mem_temp
0.43126317106799356,0.4164590492546222,0.6601924611541986,-0.3459605885822699,0.6131241291558488,0.5504974415749728,0.9727088863380428,0.3111222844378216,-0.06531563688756106,0.8452199018217471,0.7286653348528462,0.45250450340124426,1.7903676930434584,0.051092685484402954,1.887482770201539,0.6128807041512261,0.6822587498309561,0.6267645171393693,-0.7731343045219434,0.8926228336989005,1.1180460300544315,0.08760215188163033,0.5182938653335782,0.49923998851688733,-0.5487048197159871,-0.06023373903595071,0.6253662595911815,-0.09392686942929863,-0.13853329848204962,0.35125003064864513,0.10913246088363741,-0.2900733438746703,0.11175910958897095,-0.22390329714561769,0.39469730320145274
0.43126317106799356,0.4164590492546222,-0.20022721163167895,-0.35440536673277945,0.6131241291558488,0.5504974415749728,0.9727088863380428,0.6389245465202037,0.16239644933597575,0.8452199018217471,0.7287878659869124,0.45250450340124426,1.2195566608990989,0.051092685484402954,1.8630589504967794,0.5084037652222724,0.6822587498309561,0.6267645171393693,-0.7699098122359058,0.8926228336989005,0.9544880841696821,0.08760215188163033,0.5182938653335782,0.49923998851688733,-0.19657480274225708,-0.06023373903595071,0.6253662595911815,-0.09392686942929863,-0.13853329848204962,0.35125003064864513,-0.07692248787905147,-0.2914538610669581,0.11175910958897095,-0.22564347861419,0.34554828913276997
0.43126317106799356,0.4164590492546222,0.6601924611541986,-0.3427401223384315,0.6131241291558488,0.5504974415749728,0.9727088863380428,0.3111222844378216,0.22745704539984318,0.8452199018217471,0.7290329282550443,0.45250450340124426,0.07793459661036965,0.051092685484402954,1.8630589504967794,0.6128807041512261,0.6822587498309561,0.6267645171393693,-0.7716557035000466,0.8926228336989005,0.627372192400201,0.08760215188163033,0.5182938653335782,0.49923998851688733,-0.2846073069856849,-0.06023373903595071,0.6253662595911815,-0.09392686942929863,-0.23959903094443052,0.35125003064864513,-0.16994996226039688,-0.2859023569632166,0.11175910958897095,-0.20824166392846824,0.34554828913276997
0.43126317106799356,0.4164590492546222,-0.20022721163167895,-0.3511849004889411,0.6131241291558488,0.5504974415749728,0.9727088863380428,-0.6722845018092988,0.03227525720824006,0.8452199018217471,0.7292000161651343,0.45250450340124426,1.4098270049472186,0.051092685484402954,1.8630589504967794,0.5084037652222724,0.7032198786330353,0.6267645171393693,-0.7698004662277134,0.8926228336989005,-0.19041753702349326,0.08760215188163033,0.5182938653335782,0.49923998851688733,-0.9008348366897171,-0.06023373903595071,0.6253662595911815,-0.09392686942929863,-0.13853329848204962,0.4268999614256594,0.01610498650229198,-0.2900269832226905,0.11175910958897095,-0.23260420448847857,0.39469730320145274
0.43126317106799356,0.4164590492546222,-0.20022721163167895,-0.34417144066902633,0.6131241291558488,0.5504974415749728,0.9727088863380428,-0.3444822397269254,-0.09784593491949478,0.8452199018217471,0.7293671040752243,0.4995156794143347,1.6000973489953385,0.051092685484402954,1.8630589504967794,0.6128807041512261,0.7975449582423645,0.6267645171393693,-0.7726872008439961,0.8926228336989005,0.4638142465154691,0.08760215188163033,0.5182938653335782,0.49923998851688733,-0.5487048197159871,-0.06023373903595071,0.6253662595911815,-0.09392686942929863,-0.13853329848204962,0.6538497537567022,-0.12343622506972517,-0.29115509242086596,0.11175910958897095,-0.22912384155133417,0.34554828913276997
0.43126317106799356,0.4164590492546222,-0.20022721163167895,-0.30917570748598244,0.6131241291558488,0.5504974415749728,0.9727088863380428,-0.016679977644551897,-0.03278533885562736,0.8452199018217471,0.7295341919853143,0.45250450340124426,0.2682049406584895,0.051092685484402954,1.8549176772618594,0.4039268262933187,0.8394672158465115,0.6267645171393693,-0.7719363582544074,0.8926228336989005,0.4638142465154691,0.08760215188163033,0.5182938653335782,0.49923998851688733,-0.6367373239594148,-0.06023373903595071,0.6253662595911815,-0.09392686942929863,-0.13853329848204962,0.2756000998716309,0.01610498650229198,-0.2640076192115437,0.11175910958897095,-0.23156009560733523,0.640442373544851
0.43126317106799356,0.2657504749881959,-0.20022721163167895,-0.2701722829772729,0.6131241291558488,0.7555596264102076,-0.326348020754323,-0.016679977644551897,-0.19543682901529677,-0.08781728348952055,0.7296455839253742,-0.15864078476890128,1.9806380370915782,0.051092685484402954,1.8712002237316994,0.5084037652222724,0.252555609388465,0.6267645171393693,-0.7744318771524948,0.00324120727600924,-0.5175334287929745,0.08760215188163033,0.5182938653335782,0.6169047153575322,-0.5487048197159871,-0.06023373903595071,0.6253662595911815,-0.09392686942929863,-0.13853329848204962,0.2756000998716309,0.01610498650229198,-0.22065746607695896,0.11175910958897095,-0.1810948330187422,0.09980321878936647
0.43126317106799356,-0.9901543105653369,-0.20022721163167895,-0.29092639877089815,0.6131241291558488,0.22581564891919115,-1.275658837475666,0.3111222844378216,-0.2279671270472305,-1.3646050107575727,0.7297346974774224,-0.9578307769913985,2.170908381139698,0.051092685484402954,1.8630589504967794,0.5084037652222724,-0.4706033342830522,0.5021193724883466,-0.7701766164958929,-1.0837807805741848,-0.5175334287929745,0.08760215188163033,0.5182938653335782,0.49923998851688733,-0.2846073069856849,-0.06023373903595071,0.446694759474213,-0.09392686942929863,-0.13853329848204962,0.2756000998716309,-0.030408750688379744,-0.2552388330370761,0.11175910958897095,-0.22633955120161875,-1.0306241047902802
0.43126317106799356,-1.0906266934096194,0.6601924611541986,-0.3191949358001463,-0.15573093663183035,-0.21848575155715577,-1.325622564671526,-0.016679977644551897,-0.09784593491949478,-1.3646050107575727,0.7299352029695304,-1.66299841718772,0.4584752847066093,0.051092685484402954,1.8834121335840792,0.7173576430801655,-0.9841509899338513,-0.3080740677433045,-0.7727965468521887,-1.3308312323583225,-1.0082072664472048,0.08760215188163033,0.5182938653335782,0.3227428982559168,-0.6367373239594148,-0.06023373903595071,-0.2679912409936483,-0.09392686942929863,-0.13853329848204962,-0.17829948479045662,-0.07692248787905147,-0.26813003782092326,0.11175910958897095,-0.20371719211018047,-1.1289221329276404
0.43126317106799356,-1.341807650520328,-0.20022721163167895,-0.31382749206041566,-0.2106491556166675,-0.5773445750188029,-2.025114745413569,-0.016679977644551897,-0.2604974250791642,-1.7574627729938948,0.7300688732976024,-1.66299841718772,1.2195566608990989,0.051092685484402954,1.8657727082417521,0.6128807041512261,-1.2147234067566486,-0.3080740677433045,-0.771676357746043,-1.4296514130719764,-1.6624390499861672,0.08760215188163033,0.5182938653335782,-0.38324546278795263,-0.9888673409331449,-0.06023373903595071,-0.2679912409936483,-0.09392686942929863,0.36679536382987654,-0.17829948479045662,-0.030408750688379744,-0.2718506641131445,0.11175910958897095,-0.22912384155133417,-1.4729652314084043
0.43126317106799356,-0.13613905638893375,-0.20022721163167895,-0.35619451464602303,-0.2106491556166675,-0.40645942098944565,0.07336179681255978,-0.016679977644551897,-0.03278533885562736,-0.08781728348952055,0.730192995745098,-0.2526631367950771,0.8390159728028591,0.051092685484402954,1.8712002237316994,0.5084037652222724,0.26303617378950034,-0.3080740677433045,-0.7716166513542694,-0.19439915415129877,-0.02685959113876138,0.08760215188163033,0.5182938653335782,-0.08908364568633721,-0.8128023324462799,-0.06023373903595071,-0.2679912409936483,-0.09392686942929863,1.2763869559913694,-0.026999623236426105,0.01610498650229198,-0.2962930300736129,0.11175910958897095,-0.23504045854447964,-0.24423987969139213
0.43126317106799356,0.4164590492546222,-0.20022721163167895,-0.36263544713369983,-0.2106491556166675,0.0378419794868952,0.22325297840013983,0.3111222844378216,-0.06531563688756106,0.1086115976286405,0.7303362139537465,0.45250450340124426,0.2682049406584895,0.051092685484402954,1.8630589504967794,0.5084037652222724,0.46216689740919153,0.6267645171393693,-0.7834381003694912,0.15147147834649288,0.9544880841696821,0.08760215188163033,0.5182938653335782,0.49923998851688733,-0.3726398112291221,-0.06023373903595071,0.3871375927685611,-0.09392686942929863,-0.13853329848204962,0.19995016909461666,-0.12343622506972517,-0.3053451313435127,0.11175910958897095,-0.25592263616734584,0.34554828913276997
0.43126317106799356,0.4164590492546222,-0.20022721163167895,-0.20332971693849375,-0.10081271764699906,0.29416971053093405,0.22325297840013983,-0.016679977644551897,-0.03278533885562736,0.20682603818772102,0.7304921626698306,0.45250450340124426,1.7903676930434584,0.051092685484402954,1.9037653166713788,0.6128807041512261,0.4726474618102269,0.5644419448138547,-0.7877477910390475,0.15147147834649288,0.627372192400201,0.08760215188163033,0.5182938653335782,0.49923998851688733,-0.6367373239594148,-0.06023373903595071,0.5658090928855233,-0.09392686942929863,-0.23959903094443052,0.1243002383176024,-0.07692248787905147,-0.06463179566394363,0.11175910958897095,0.3489644423083435,0.34554828913276997
0.43126317106799356,0.4164590492546222,-0.20022721163167895,-0.3184792766348489,-0.15573093663183035,0.29416971053093405,0.22325297840013983,-0.3444822397269254,0.16239644933597575,0.1086115976286405,0.7307372249379624,0.45250450340124426,-0.49287643553398985,0.051092685484402954,1.8630589504967794,0.5084037652222724,0.3888029466019385,0.3151516555118092,-0.7848282526203069,0.2502916590601469,0.13669835474598793,0.08760215188163033,0.5182938653335782,0.49923998851688733,-0.6367373239594148,-0.06023373903595071,0.3871375927685611,-0.09392686942929863,-0.5427962283315948,0.4268999614256594,-0.2164636994510686,-0.2559783958186589,0.11175910958897095,-0.09756612252727768,0.34554828913276997
0.43126317106799356,0.4164590492546222,-0.20022721163167895,-0.35132803232200055,-0.2106491556166675,0.1403730719045095,0.22325297840013983,-0.3444822397269254,-0.03278533885562736,0.1086115976286405,0.7308541864750255,0.45250450340124426,0.07793459661036965,0.051092685484402954,1.8793414969666191,0.4039268262933187,0.25255560938846777,-0.3080740677433045,-0.7879336792529748,0.15147147834649288,0.7909301382849503,0.08760215188163033,0.5182938653335782,0.44040762509656173,-0.3726398112291221,-0.06023373903595071,0.08935175924028237,-0.09392686942929863,-0.6438619607939757,0.5025498922026737,-0.030408750688379744,-0.2894949395499698,0.11175910958897095,-0.23678064001305196,0.34554828913276997
0.43126317106799356,0.36622285783247827,-0.20022721163167895,-0.3690048137048469,-0.2106491556166675,0.0378419794868952,0.22325297840013983,-0.3444822397269254,-0.0002550408236936515,0.1086115976286405,0.7309377304300705,0.35848215137506845,1.2195566608990989,0.051092685484402954,1.8712002237316994,0.6128807041512261,0.1582305297791413,-0.3080740677433045,-0.7841320830348144,0.15147147834649288,0.3002563006307198,0.08760215188163033,0.5182938653335782,0.028581081154307686,-0.8128023324462799,-0.06023373903595071,-0.2679912409936483,-0.09392686942929863,-0.13853329848204962,0.35125003064864513,-0.030408750688379744,-0.31537669337190666,0.11175910958897095,-0.3185691690359442,0.24725026099540962
0.43126317106799356,0.06480570929963106,-0.20022721163167895,-0.2850579936154593,-0.2106491556166675,-0.16722020534834559,0.22325297840013983,0.3111222844378216,-0.19543682901529677,0.1086115976286405,0.7311382359221785,-0.2056519607819867,0.8390159728028591,0.051092685484402954,1.9037653166713788,0.19497294843542567,0.0639054501698092,-0.3080740677433045,-0.7859508716377502,0.15147147834649288,0.627372192400201,0.08760215188163033,0.5182938653335782,-0.20674837252698214,-0.4606723154725499,-0.06023373903595071,-0.2679912409936483,-0.09392686942929863,0.36679536382987654,-0.10264955401344238,0.01610498650229198,-0.21499337181840936,0.11175910958897095,0.09176562125337549,0.14895223285804926
0.43126317106799356,0.16527809214391348,-0.20022721163167895,-0.33472473968710037,-0.2106491556166675,-0.18430872075128432,0.22325297840013983,-0.6722845018092988,-0.2279671270472305,0.1086115976286405,0.7312719062502505,0.07641509529654086,1.029286316850979,0.051092685484402954,1.8671295871142393,0.29944988736437933,0.16871109418017663,-0.3080740677433045,-0.7831018006465069,0.15147147834649288,-0.5175334287929745,0.08760215188163033,0.5182938653335782,-0.1479160091066628,-1.1649323494200192,-0.06023373903595071,-0.20843407428799002,-0.09392686942929863,1.175321223528967,-0.3295993463444851,0.06261872369296569,-0.27851335209767203,0.11175910958897095,-0.17343803455702467,0.29639927506408714
0.43126317106799356,0.16527809214391348,0.6601924611541986,-0.23961363661907298,-0.2106491556166675,-0.047600597527786434,0.22325297840013983,-0.016679977644551897,-0.16290653098336305,0.1086115976286405,0.7313721589963046,0.21744862333580214,2.170908381139698,0.051092685484402954,1.8773061786578893,0.19497294843542567,0.25255560938846777,-0.3080740677433045,-0.7769687045425616,0.15147147834649288,0.627372192400201,0.08760215188163033,0.5182938653335782,0.028581081154307686,-0.4606723154725499,-0.06023373903595071,-0.2679912409936483,-0.09392686942929863,1.3774526884537504,0.04865030754058815,0.01610498650229198,-0.15256470656908425,0.11175910958897095,0.35244480524548766,0.29639927506408714
0.43126317106799356,0.3159866664103398,-0.20022721163167895,-0.3297151255300184,-0.2106491556166675,0.0378419794868952,0.22325297840013983,-0.3444822397269254,-0.2279671270472305,0.1086115976286405,0.7316060820704307,0.311470975361978,0.6487456287547292,0.051092685484402954,1.8549176772618594,-0.013980929422467364,0.18967222298225292,-0.3080740677433045,-0.7750527194878946,0.15147147834649288,-0.6810913746777237,0.08760215188163033,0.5182938653335782,0.087413444574627,-1.1649323494200192,-0.06023373903595071,-0.2679912409936483,-0.09392686942929863,1.4785184209161313,-0.5565491386755279,0.15564619807430913,-0.27211263859099877,0.11175910958897095,-0.17239392567588133,0.24725026099540962
0.43126317106799356,0.16527809214391348,-0.20022721163167895,-0.2639460482391854,-0.2106491556166675,-0.21848575155715577,0.22325297840013983,-0.6722845018092988,-0.2279671270472305,0.1086115976286405,0.7318288659505509,0.2644597993488926,-0.1123357474377502,0.051092685484402954,1.8793414969666191,0.4039268262933187,0.07438601457084454,-0.3080740677433045,-0.7791045965692557,0.15147147834649288,0.13669835474598793,0.08760215188163033,0.5182938653335782,-0.2655807359473077,-0.9888673409331449,-0.06023373903595071,-0.2679912409936483,-0.09392686942929863,-0.13853329848204962,-0.4052492771214994,-0.30949117383241403,-0.19107716246374362,0.11175910958897095,0.2612592962923056,0.09980321878936647
0.43126317106799356,-0.23661143923321618,0.6601924611541986,-0.3231310612092821,-0.2106491556166675,-0.21848575155715577,0.22325297840013983,0.6389245465202037,-0.16290653098336305,0.1086115976286405,0.7319402578906107,-0.15864078476890128,0.2682049406584895,0.051092685484402954,1.8467764040269397,0.19497294843542567,0.07438601457084454,-0.3080740677433045,-0.7754670193633841,0.15147147834649288,0.13669835474598793,0.08760215188163033,0.5182938653335782,-0.20674837252698214,-0.7247698282028521,-0.06023373903595071,-0.2679912409936483,-0.09392686942929863,1.3774526884537504,-0.5565491386755279,-0.16994996226039688,-0.26939943662513244,0.11175910958897095,-0.1741341071444534,0.0015051906520061231
0.43126317106799356,0.2657504749881959,-0.20022721163167895,-0.2385401478711269,-0.2106491556166675,0.0378419794868952,0.22325297840013983,0.3111222844378216,-0.0002550408236936515,0.1086115976286405,0.7321025718604125,0.12342627130962629,1.4098270049472186,0.051092685484402954,1.8712002237316994,0.09049600950647203,0.17919165858121197,-0.3080740677433045,-0.7761654452950787,0.15147147834649288,-0.02685959113876138,0.08760215188163033,0.5182938653335782,-0.2655807359473077,-0.6367373239594148,-0.06023373903595071,-0.2679912409936483,0.19826799358507882,1.3774526884537504,0.19995016909461666,0.10913246088363741,-0.1431225871158622,0.11175910958897095,0.3343469179723371,0.29639927506408714
0.43126317106799356,0.4164590492546222,-0.20022721163167895,-0.3254211705382339,-0.2106491556166675,0.0378419794868952,0.22325297840013983,-0.3444822397269254,-0.09784593491949478,0.1086115976286405,0.7322187377407605,0.45250450340124426,0.6487456287547292,0.051092685484402954,1.8712002237316994,0.6128807041512261,0.3468806889977943,-0.18342892309228176,-0.7754232809601072,0.15147147834649288,0.3002563006307198,0.08760215188163033,0.5182938653335782,0.49923998851688733,-0.7247698282028521,-0.06023373903595071,-0.08931974087667979,0.49046285659945627,1.3774526884537504,-0.10264955401344238,0.15564619807430913,-0.2706784019130835,0.11175910958897095,-0.160212655395876,0.34554828913276997
0.43126317106799356,0.06480570929963106,-0.20022721163167895,-0.3164754309720161,-0.2106491556166675,-0.013423566721921064,0.22325297840013983,-0.6722845018092988,-0.13037623295142936,0.1086115976286405,0.7323603646359801,0.311470975361978,0.4584752847066093,0.051092685484402954,1.9010515589264063,0.09049600950647203,0.09534714337291524,-0.3080740677433045,-0.7756884884212445,0.15147147834649288,-0.35397548290824254,0.08760215188163033,0.5182938653335782,-0.20674837252698214,-0.8128023324462799,-0.06023373903595071,-0.2679912409936483,0.29566628125653793,-1.5534535529554687,0.04865030754058815,-0.030408750688379744,-0.23891105293980464,0.11175910958897095,0.042344467545925565,0.09980321878936647
0.43126317106799356,0.36622285783247827,-0.20022721163167895,-0.3307886142779645,-0.2106491556166675,0.0378419794868952,0.22325297840013983,0.3111222844378216,-0.13037623295142936,0.1086115976286405,0.7325417743669348,0.1704374473227167,1.6000973489953385,0.051092685484402954,1.8630589504967794,0.5084037652222724,0.2106333517843236,-0.3080740677433045,-0.772016545327082,0.15147147834649288,0.13669835474598793,0.08760215188163033,0.5182938653335782,0.1462458079949526,-0.7247698282028521,-0.06023373903595071,-0.2679912409936483,-0.09392686942929863,0.7710582936794218,-0.026999623236426105,-0.12343622506972517,-0.2733327332097691,0.11175910958897095,-0.1776144700815978,0.19810124692672682
0.32245752783436993,0.4164590492546222,0.6601924611541986,-0.2521376720117779,-0.2106491556166675,0.0378419794868952,0.22325297840013983,0.3111222844378216,-0.06531563688756106,0.1086115976286405,0.7326372531727006,0.45250450340124426,1.029286316850979,0.051092685484402954,1.8684864659867266,0.5084037652222724,0.2106333517843236,-0.3080740677433045,-0.7744721442539141,0.15147147834649288,0.3002563006307198,0.08760215188163033,0.5182938653335782,0.3227428982559168,-0.8128023324462799,-0.06023373903595071,-0.2679912409936483,-0.09392686942929863,1.175321223528967,-0.25394941556747086,0.15564619807430913,-0.14056612830668963,0.11175910958897095,0.2978031071323215,0.34554828913276997
0.43126317106799356,0.3159866664103398,0.6601924611541986,-0.31776361746955145,-0.2106491556166675,0.0378419794868952,0.22325297840013983,-0.3444822397269254,-0.16290653098336305,0.1086115976286405,0.7327823809574643,0.311470975361978,0.6487456287547292,0.051092685484402954,1.8549176772618594,0.6128807041512261,0.2106333517843236,-0.3080740677433045,-0.7822192568648304,0.15147147834649288,-0.19041753702349326,0.08760215188163033,0.5182938653335782,-0.1479160091066628,-0.9008348366897171,-0.06023373903595071,-0.2679912409936483,-0.09392686942929863,1.3774526884537504,0.2756000998716309,-0.030408750688379744,-0.2661438886194389,0.11175910958897095,-0.2193788253273302,0.29639927506408714
0.43126317106799356,0.4164590492546222,-0.20022721163167895,-0.2916420579361956,-0.2106491556166675,0.0378419794868952,0.22325297840013983,-0.016679977644551897,-0.16290653098336305,0.1086115976286405,0.7329714289928806,0.45250450340124426,0.6487456287547292,0.051092685484402954,1.8793414969666191,0.29944988736437933,0.2106333517843236,-0.3080740677433045,-0.7858503774492704,0.15147147834649288,-0.02685959113876138,0.08760215188163033,0.5182938653335782,0.44040762509656173,-0.5487048197159871,-0.06023373903595071,-0.20843407428799002,-0.09392686942929863,1.3774526884537504,0.4268999614256594,0.15564619807430913,-0.2052259919179639,0.11175910958897095,0.09872634712766407,0.34554828913276997
0.32245752783436993,0.4164590492546222,-0.20022721163167895,-0.32291636345969293,-0.2106491556166675,0.0378419794868952,0.22325297840013983,-0.3444822397269254,-0.2279671270472305,0.1086115976286405,0.7330541772912107,0.45250450340124426,1.029286316850979,0.051092685484402954,1.8712002237316994,-0.013980929422467364,0.2315944805863943,-0.18342892309228176,-0.7842147000187867,0.15147147834649288,-0.02685959113876138,0.08760215188163033,0.5182938653335782,0.44040762509656173,-0.6367373239594148,-0.06023373903595071,-0.08931974087667979,-0.09392686942929863,-0.13853329848204962,-0.25394941556747086,0.06261872369296569,-0.2704407115862664,0.11175910958897095,-0.2339963496633363,0.34554828913276997
0.32245752783436993,0.4164590492546222,-0.20022721163167895,-0.266808684900375,-0.2106491556166675,0.0378419794868952,0.22325297840013983,0.6389245465202037,-0.19543682901529677,0.1086115976286405,0.733232404395307,0.45250450340124426,2.170908381139698,0.051092685484402954,1.8671295871142393,0.4039268262933187,0.2106333517843236,-0.3080740677433045,-0.7872496592239436,0.15147147834649288,0.627372192400201,0.08760215188163033,0.5182938653335782,0.2639105348355975,-0.4606723154725499,-0.06023373903595071,-0.2679912409936483,-0.09392686942929863,-0.23959903094443052,-0.25394941556747086,-0.030408750688379744,-0.16527709169529503,-0.5802228708388546,0.1926961464305618,0.34554828913276997
0.43126317106799356,0.2657504749881959,-0.20022721163167895,-0.3491810548261083,-0.2106491556166675,-0.16722020534834559,0.22325297840013983,-0.016679977644551897,-0.2279671270472305,0.1086115976286405,0.7333437963353668,0.1704374473227167,1.2195566608990989,0.051092685484402954,1.8589883138793195,0.4039268262933187,0.10582770777395617,-0.3080740677433045,-0.7855608708751968,0.15147147834649288,-0.5175334287929745,0.08760215188163033,0.5182938653335782,-0.1479160091066628,-0.9008348366897171,-0.06023373903595071,-0.2679912409936483,-0.09392686942929863,-0.23959903094443052,0.1243002383176024,-0.12343622506972517,-0.2870834497636547,0.11175910958897095,-0.22390329714561769,0.34554828913276997
0.43126317106799356,0.3159866664103398,-0.20022721163167895,-0.18157367831345209,-0.2106491556166675,0.003664948681017691,0.22325297840013983,-0.3444822397269254,-0.16290653098336305,0.1086115976286405,0.7335175677618604,0.2644597993488926,1.2195566608990989,0.051092685484402954,1.8793414969666191,0.19497294843542567,0.18967222298224734,-0.3080740677433045,-0.7880627075426365,0.15147147834649288,0.13669835474598793,0.08760215188163033,0.5182938653335782,-0.030251282266017903,-0.5487048197159871,-0.06023373903595071,-0.2679912409936483,-0.09392686942929863,-0.4417304958692139,-0.10264955401344238,-0.16994996226039688,-0.04501020162601101,0.11175910958897095,0.583540904271873,0.29639927506408714
0.43126317106799356,0.4164590492546222,-0.20022721163167895,-0.3257790001208826,-0.2106491556166675,0.0378419794868952,0.22325297840013983,-0.6722845018092988,-0.06531563688756106,0.1086115976286405,0.7336779721555469,0.35848215137506845,1.9806380370915782,0.051092685484402954,1.8467764040269397,0.5084037652222724,0.2106333517843236,-0.3080740677433045,-0.7838363281174213,0.15147147834649288,-0.35397548290824254,0.08760215188163033,0.5182938653335782,0.3227428982559168,-0.9888673409331449,-0.06023373903595071,-0.14887690758233807,-0.09392686942929863,-0.23959903094443052,-0.5565491386755279,0.01610498650229198,-0.26842954235038025,0.11175910958897095,-0.21415828092161346,0.34554828913276997
0.43126317106799356,0.4164590492546222,-0.20022721163167895,-0.2623000321590013,-0.2106491556166675,0.0378419794868952,0.22325297840013983,-0.3444822397269254,-0.19543682901529677,0.1086115976286405,0.7338689297670785,0.21744862333580214,0.2682049406584895,0.051092685484402954,1.8793414969666191,0.29944988736437933,0.2106333517843236,-0.3080740677433045,-0.7868063739780317,0.15147147834649288,-0.19041753702349326,0.08760215188163033,0.5182938653335782,0.3227428982559168,-0.8128023324462799,-0.06023373903595071,-0.2679912409936483,-0.09392686942929863,-0.13853329848204962,-0.10264955401344238,-0.26297743664174233,-0.1540511909658973,0.11175910958897095,0.19339221901799078,0.34554828913276997
0.43126317106799356,0.4164590492546222,-0.20022721163167895,-0.32506334095558514,-0.2106491556166675,0.0378419794868952,0.22325297840013983,-0.3444822397269254,-0.19543682901529677,0.1086115976286405,0.7339835043339972,0.45250450340124426,1.6000973489953385,0.051092685484402954,1.8712002237316994,0.5084037652222724,0.2106333517843236,-0.3080740677433045,-0.7826970468511125,0.15147147834649288,0.3002563006307198,0.08760215188163033,0.5182938653335782,-0.030251282266017903,-0.8128023324462799,-0.06023373903595071,-0.2679912409936483,-0.09392686942929863,-0.13853329848204962,-0.026999623236426105,0.01610498650229198,-0.26622851520638624,0.11175910958897095,-0.2019770106416084,0.29639927506408714
0.43126317106799356,0.014569517877492532,-0.20022721163167895,-0.33365125093915426,-0.2106491556166675,0.0378419794868952,0.22325297840013983,0.3111222844378216,-0.16290653098336305,0.1086115976286405,0.7230702768349747,0.1704374473227167,1.029286316850979,0.051092685484402954,1.917334105396246,0.09049600950647203,0.18967222298225292,-0.3080740677433045,-0.7845382253509601,0.15147147834649288,0.13669835474598793,0.002010437203825172,0.5182938653335782,0.3815752616762424,-0.9008348366897171,-0.06023373903595071,-0.2679912409936483,-0.09392686942929863,0.06359816644273378,0.1243002383176024,-0.12343622506972517,-0.2703833126838152,0.11175910958897095,-0.1055709572827096,0.29639927506408714
0.43126317106799356,0.11504190072177495,-0.20022721163167895,-0.365641215627949,-0.2106491556166675,0.0378419794868952,0.22325297840013983,-0.016679977644551897,-0.19543682901529677,0.1086115976286405,0.7249359326996366,0.35848215137506845,2.170908381139698,0.051092685484402954,1.8589883138793195,0.19497294843542567,0.1582305297791413,-0.3080740677433045,-0.7817818728320602,0.15147147834649288,-0.02685959113876138,0.08760215188163033,0.5182938653335782,-0.030251282266017903,-0.8128023324462799,-0.06023373903595071,-0.2679912409936483,-0.09392686942929863,1.3774526884537504,0.7294996845337164,0.01610498650229198,-0.3107847811758108,0.11175910958897095,-0.34815225400167127,0.19810124692672682
0.43126317106799356,-0.2868476306553547,-0.20022721163167895,-0.2034012828550235,-0.2106491556166675,0.0378419794868952,0.22325297840013983,-0.016679977644551897,-0.09784593491949478,0.1086115976286405,0.7255145342625773,-0.11162960875581085,1.4098270049472186,0.051092685484402954,1.8671295871142393,0.29944988736437933,0.06390545016981199,-0.3080740677433045,-0.7841799870003044,0.15147147834649288,0.3002563006307198,0.002010437203825172,0.5182938653335782,0.1462458079949526,-0.6367373239594148,-0.06023373903595071,-0.2679912409936483,-0.09392686942929863,0.2657296313674956,1.1077493384187918,0.01610498650229198,-0.064416917721434,0.11175910958897095,0.4899191412626899,0.14895223285804926
0.43126317106799356,-0.3370838220774986,-0.20022721163167895,-0.33558353068545727,-0.2106491556166675,-0.03051208212485982,0.22325297840013983,0.3111222844378216,-0.13037623295142936,0.1086115976286405,0.7257023092472497,-0.06461843274272543,1.029286316850979,0.051092685484402954,1.8576314350068321,0.19497294843542567,0.05342488576877384,-0.3080740677433045,-0.7830945109126274,0.15147147834649288,-0.19041753702349326,0.08760215188163033,0.5182938653335782,-0.324413099367627,-0.8128023324462799,-0.06023373903595071,-0.2679912409936483,-0.09392686942929863,0.6699925612170409,0.35125003064864513,-0.07692248787905147,-0.2728676549232414,0.11175910958897095,-0.16717338127016484,-0.09679283748535422
0.43126317106799356,0.2657504749881959,-0.20022721163167895,-0.20189839860789888,-0.2106491556166675,0.0378419794868952,0.22325297840013983,-0.3444822397269254,0.1298661513040412,0.1086115976286405,0.7258916755453518,0.40549332738815386,1.9806380370915782,0.051092685484402954,1.895624043436459,0.5084037652222724,0.2106333517843236,-0.3080740677433045,-0.7863007788639663,0.15147147834649288,0.13669835474598793,0.002010437203825172,0.5182938653335782,0.028581081154307686,-0.7247698282028521,-0.06023373903595071,-0.2679912409936483,-0.09392686942929863,0.36679536382987654,0.04865030754058815,-0.030408750688379744,-0.06091043348835752,0.11175910958897095,0.5003602300741228,0.34554828913276997
0.43126317106799356,0.21551428356605734,-0.20022721163167895,-0.3320768007754999,-0.2106491556166675,0.0378419794868952,0.22325297840013983,-0.3444822397269254,-0.2279671270472305,0.1086115976286405,0.7260587634554418,0.1704374473227167,0.6487456287547292,0.051092685484402954,1.8549176772618594,0.4039268262933187,0.1582305297791413,-0.3080740677433045,-0.7810645630183145,0.15147147834649288,-0.5175334287929745,0.08760215188163033,0.5182938653335782,0.1462458079949526,-0.9888673409331449,-0.06023373903595071,-0.2679912409936483,-0.09392686942929863,-0.03746756601966869,-0.25394941556747086,-0.12343622506972517,-0.2740664089244337,0.11175910958897095,-0.24130511183133949,0.29639927506408714
0.43126317106799356,0.014569517877492532,-0.20022721163167895,-0.19352518637391902,-0.2106491556166675,0.0378419794868952,0.22325297840013983,-0.3444822397269254,-0.19543682901529677,0.1086115976286405,0.726248129753544,0.40549332738815386,0.4584752847066093,0.051092685484402954,1.8712002237316994,0.19497294843542567,0.17919165858121197,-0.3080740677433045,-0.7839619892442882,0.15147147834649288,-0.02685959113876138,0.023408365873285583,0.5182938653335782,0.028581081154307686,-0.9008348366897171,-0.06023373903595071,-0.2679912409936483,-0.09392686942929863,-0.13853329848204962,-0.25394941556747086,0.06261872369296569,-0.05448617171401198,0.11175910958897095,0.4951396856684066,0.34554828913276997
0.43126317106799356,0.2657504749881959,-0.20022721163167895,-0.3191949358001463,-0.2106491556166675,0.0378419794868952,0.22325297840013983,-0.016679977644551897,-0.2279671270472305,0.1086115976286405,0.726348382499598,0.40549332738815386,0.4584752847066093,0.051092685484402954,1.8671295871142393,0.4039268262933187,0.2106333517843236,-0.3080740677433045,-0.7705294396156636,0.15147147834649288,-0.5175334287929745,0.08760215188163033,0.5182938653335782,0.2050781714152719,-0.9008348366897171,-0.06023373903595071,-0.2679912409936483,-0.09392686942929863,0.2657296313674956,-0.026999623236426105,0.06261872369296569,-0.26660381572241326,0.11175910958897095,-0.23852082148162404,0.34554828913276997
0.43126317106799356,0.2657504749881959,-0.20022721163167895,-0.19910732786323893,-0.2106491556166675,0.0378419794868952,0.22325297840013983,-0.6722845018092988,-0.16290653098336305,0.1086115976286405,0.7264931920216758,0.12342627130962629,1.4098270049472186,0.051092685484402954,1.9119065899062988,0.29944988736437933,0.1582305297791413,-0.3080740677433045,-0.772735799069855,0.15147147834649288,-0.19041753702349326,0.023408365873285583,0.5182938653335782,0.1462458079949526,-0.8128023324462799,-0.06023373903595071,-0.2679912409936483,-0.09392686942929863,0.7710582936794218,0.19995016909461666,0.06261872369296569,-0.06907800295381718,0.11175910958897095,0.49862004860555076,0.34554828913276997
0.43126317106799356,0.11504190072177495,-0.20022721163167895,-0.3257790001208826,-0.2106491556166675,0.0378419794868952,0.22325297840013983,-0.3444822397269254,-0.2279671270472305,0.1086115976286405,0.7266602799317659,0.1704374473227167,1.6000973489953385,0.051092685484402954,1.8603451927518067,0.29944988736437933,0.05342488576877384,-0.3080740677433045,-0.7711913474519277,0.15147147834649288,-0.5175334287929745,0.08760215188163033,0.5182938653335782,-0.08908364568633721,-0.9888673409331449,-0.06023373903595071,-0.2679912409936483,-0.09392686942929863,0.9731897586042052,-0.25394941556747086,0.06261872369296569,-0.2714245876449491,0.11175910958897095,-0.23504045854447964,0.34554828913276997
0.43126317106799356,-0.2868476306553547,-0.20022721163167895,-0.1962446912020493,-0.2106491556166675,-0.21848575155715577,0.22325297840013983,-0.016679977644551897,-0.06531563688756106,0.1086115976286405,0.726793950259838,-0.15864078476890128,0.4584752847066093,0.051092685484402954,1.8671295871142393,0.29944988736437933,0.04294432136773291,-0.3080740677433045,-0.7732878749156699,0.15147147834649288,0.3002563006307198,0.023408365873285583,0.5182938653335782,-0.2655807359473077,-0.6367373239594148,-0.06023373903595071,-0.2679912409936483,-0.09392686942929863,1.3774526884537504,-0.10264955401344238,0.24867367245565455,-0.054866623413592365,0.11175910958897095,0.4794780524512569,0.05065420472068891
0.43126317106799356,-0.3370838220774986,-0.20022721163167895,-0.33508256926974905,-0.2106491556166675,-0.21848575155715577,0.22325297840013983,0.3111222844378216,-0.09784593491949478,0.1086115976286405,0.7269192661924054,-0.11162960875581085,2.170908381139698,0.051092685484402954,1.8549176772618594,0.19497294843542567,0.011502628164629658,-0.3080740677433045,-0.7708483654728917,0.15147147834649288,0.13669835474598793,0.08760215188163033,0.5182938653335782,-0.38324546278795263,-0.7247698282028521,-0.06023373903595071,-0.2679912409936483,-0.09392686942929863,1.2763869559913694,0.1243002383176024,0.15564619807430913,-0.27853469271525005,0.11175910958897095,-0.23225616819476422,0.14895223285804926
0.43126317106799356,-0.2868476306553547,-0.20022721163167895,-0.203544414688083,-0.2106491556166675,-0.21848575155715577,0.22325297840013983,-0.3444822397269254,-0.13037623295142936,0.1086115976286405,0.7271414931128249,-0.15864078476890128,0.8390159728028591,0.051092685484402954,1.887482770201539,0.29944988736437933,0.021983192565662214,-0.3080740677433045,-0.773958530432584,0.15147147834649288,0.13669835474598793,0.023408365873285583,0.5182938653335782,-0.1479160091066628,-0.7247698282028521,-0.06023373903595071,-0.2679912409936483,-0.09392686942929863,1.175321223528967,0.35125003064864513,0.01610498650229198,-0.061067176645051256,0.11175910958897095,0.5021004115426949,0.0015051906520061231
0.43126317106799356,-0.3370838220774986,-0.20022721163167895,-0.32828380719942357,-0.2106491556166675,-0.21848575155715577,0.12332552400841978,0.3111222844378216,-0.09784593491949478,0.1086115976286405,0.72726179640809,-0.2526631367950771,0.2682049406584895,0.051092685484402954,1.8712002237316994,0.6128807041512261,-0.2609920462623313,-0.3080740677433045,-0.7723336487508403,0.00324120727600924,-0.5175334287929745,0.08760215188163033,0.5182938653335782,-0.38324546278795263,-0.9008348366897171,-0.06023373903595071,-0.2679912409936483,-0.09392686942929863,1.3774526884537504,-0.48089920789851365,-0.030408750688379744,-0.27222964404599537,0.11175910958897095,-0.2273836600827621,-0.39168692189743526
0.43126317106799356,-0.3370838220774986,-0.20022721163167895,-0.19481337287145445,-0.2106491556166675,-0.21848575155715577,-0.226420566362603,-0.6722845018092988,-0.2279671270472305,0.1086115976286405,0.7274222008017766,-0.2526631367950771,2.170908381139698,0.051092685484402954,1.8684864659867266,0.7173576430801655,-0.2609920462623313,-0.3080740677433045,-0.7732995384898743,-0.14498906379446913,-0.8446493205624556,0.023408365873285583,0.5182938653335782,-0.38324546278795263,-1.3409973579068843,-0.06023373903595071,-0.2679912409936483,-0.09392686942929863,1.3774526884537504,-0.3295993463444851,0.01610498650229198,-0.05983825142590376,0.11175910958897095,0.4958357582558353,-0.39168692189743526
0.43126317106799356,-0.3370838220774986,-0.20022721163167895,-0.3551210258980769,-0.2106491556166675,-0.47481348260118245,-0.12649311197088028,0.6389245465202037,-0.0002550408236936515,0.1086115976286405,0.72759597222827,-0.2526631367950771,0.8390159728028591,0.051092685484402954,1.8589883138793195,0.6128807041512261,-0.2609920462623313,-0.3080740677433045,-0.7727076120988642,-0.19439915415129877,-0.02685959113876138,0.08760215188163033,0.5182938653335782,-0.38324546278795263,-0.7247698282028521,-0.06023373903595071,-0.2679912409936483,-0.09392686942929863,0.8721240261418243,-0.17829948479045662,-0.12343622506972517,-0.29514210849112993,0.11175910958897095,-0.22912384155133417,-0.39168692189743526
0.43126317106799356,-0.3370838220774986,-0.20022721163167895,-0.20068177802689324,-0.2106491556166675,-0.47481348260118245,0.12332552400841978,-0.016679977644551897,-0.2279671270472305,0.1086115976286405,0.7276895414579205,-0.2526631367950771,0.6487456287547292,0.051092685484402954,1.887482770201539,0.5084037652222724,-0.2609920462623313,-0.3080740677433045,-0.7750753176629183,-0.046168883080815126,-0.02685959113876138,0.023408365873285583,0.5182938653335782,-0.38324546278795263,-0.8128023324462799,-0.06023373903595071,-0.2679912409936483,-0.09392686942929863,1.3774526884537504,-0.48089920789851365,0.06261872369296569,-0.06250435685642539,0.11175910958897095,0.5055807744798395,-0.3425379078287525
0.43126317106799356,-0.3370838220774986,-0.20022721163167895,-0.34130880400783664,-0.2106491556166675,-0.21848575155715577,0.22325297840013983,0.3111222844378216,-0.2279671270472305,0.1086115976286405,0.7278499458516071,-0.2056519607819867,1.4098270049472186,0.051092685484402954,1.8657727082417521,0.09049600950647203,-0.10378358024678151,-0.3080740677433045,-0.7739614463261385,0.15147147834649288,-0.5175334287929745,0.08760215188163033,0.5182938653335782,-0.38324546278795263,-0.9008348366897171,-0.06023373903595071,-0.2679912409936483,-0.09392686942929863,0.6699925612170409,-0.4052492771214994,0.15564619807430913,-0.2823186049768405,0.11175910958897095,-0.19083984924274644,-0.19509086562271458
0.43126317106799356,-0.3370838220774986,0.6601924611541986,-0.26376713344786096,-0.2106491556166675,-0.21848575155715577,0.22325297840013983,-0.016679977644551897,-0.19543682901529677,0.1086115976286405,0.7279969832124861,-0.2526631367950771,0.07793459661036965,0.051092685484402954,1.8834121335840792,0.8218345820091191,-0.11426414464781685,-0.3080740677433045,-0.7773526305268775,0.15147147834649288,-0.02685959113876138,0.023408365873285583,0.5182938653335782,-0.38324546278795263,-0.8128023324462799,-0.06023373903595071,-0.2679912409936483,-0.09392686942929863,0.6699925612170409,-0.3295993463444851,0.06261872369296569,-0.16218564567994267,0.11175910958897095,0.20400732597628082,-0.3425379078287525
0.43126317106799356,-0.3370838220774986,-0.20022721163167895,-0.3576258329766178,-0.2106491556166675,-0.21848575155715577,0.22325297840013983,-0.016679977644551897,-0.19543682901529677,0.1086115976286405,0.7281974887045941,-0.2526631367950771,1.2195566608990989,0.051092685484402954,1.8589883138793195,0.19497294843542567,-0.10378358024678151,-0.3080740677433045,-0.7747429057980157,0.15147147834649288,0.4638142465154691,0.08760215188163033,0.5182938653335782,-0.324413099367627,-0.9008348366897171,-0.06023373903595071,-0.2679912409936483,-0.09392686942929863,0.36679536382987654,-0.25394941556747086,-0.16994996226039688,-0.30344581637906987,0.11175910958897095,-0.34362778218338375,-0.14594185155403178
0.43126317106799356,-0.3370838220774986,-0.20022721163167895,-0.33221993260855937,-0.2106491556166675,-0.21848575155715577,0.22325297840013983,-0.6722845018092988,-0.19543682901529677,0.1086115976286405,0.7283311590326661,-0.2526631367950771,1.9806380370915782,0.051092685484402954,1.8691649054229693,0.4039268262933187,-0.10378358024678151,-0.3080740677433045,-0.7754840287424273,0.15147147834649288,-0.35397548290824254,0.08760215188163033,0.5182938653335782,-0.38324546278795263,-1.1649323494200192,-0.06023373903595071,-0.2679912409936483,-0.09392686942929863,0.8721240261418243,-0.25394941556747086,0.10913246088363741,-0.26305170672072187,0.11175910958897095,-0.06554678350554954,-0.3425379078287525
0.43126317106799356,-0.3370838220774986,-0.20022721163167895,-0.36370893588164593,-0.2106491556166675,-0.21848575155715577,0.22325297840013983,-0.016679977644551897,-0.2279671270472305,0.1086115976286405,0.728475968554744,-0.2526631367950771,-0.1123357474377502,0.051092685484402954,1.8589883138793195,0.19497294843542567,-0.10378358024678151,-0.3080740677433045,-0.772867014279686,0.15147147834649288,-0.19041753702349326,0.08760215188163033,0.5182938653335782,-0.38324546278795263,-0.9008348366897171,-0.06023373903595071,-0.2679912409936483,-0.09392686942929863,-0.03746756601966869,-0.3295993463444851,-0.07692248787905147,-0.3133633164859262,0.11175910958897095,-0.3411915281273827,-0.24423987969139213
0.43126317106799356,-0.3370838220774986,0.6601924611541986,-0.3132549647281777,-0.2106491556166675,-0.21848575155715577,0.22325297840013983,-0.016679977644551897,-0.09784593491949478,0.1086115976286405,0.7307372249379624,-0.2526631367950771,1.029286316850979,0.051092685484402954,1.873913981476672,0.4039268262933187,-0.11426414464781966,-0.3080740677433045,-0.7756128140409742,0.15147147834649288,0.13669835474598793,0.08760215188163033,0.5182938653335782,-0.38324546278795263,-0.7247698282028521,-0.06023373903595071,-0.2679912409936483,-0.09392686942929863,-0.13853329848204962,0.2756000998716309,-0.12343622506972517,-0.2447370415386012,0.11175910958897095,0.04930519342021438,-0.24423987969139213
0.43126317106799356,-0.3370838220774986,0.6601924611541986,-0.31132268498187465,-0.2106491556166675,-0.21848575155715577,0.22325297840013983,0.6389245465202037,-0.03278533885562736,0.1086115976286405,0.7330764556792229,-0.2526631367950771,1.4098270049472186,0.051092685484402954,1.8576314350068321,0.4039268262933187,-0.10378358024678151,-0.3080740677433045,-0.7742034654909326,0.15147147834649288,0.4638142465154691,0.08760215188163033,0.5182938653335782,-0.38324546278795263,-0.5487048197159871,-0.06023373903595071,-0.2679912409936483,-0.09392686942929863,-0.340664763406833,0.19995016909461666,-0.12343622506972517,-0.2595400713040921,0.11175910958897095,-0.16647730868273586,-0.39168692189743526
0.43126317106799356,-0.3370838220774986,0.6601924611541986,-0.285415823198108,-0.2106491556166675,-0.21848575155715577,0.22325297840013983,-0.016679977644551897,-0.03278533885562736,0.1086115976286405,0.7331833919416804,-0.2526631367950771,1.029286316850979,0.051092685484402954,1.8773061786578893,0.19497294843542567,-0.10378358024678151,-0.3080740677433045,-0.7770931160007699,0.15147147834649288,-0.6810913746777237,0.08760215188163033,0.5182938653335782,-0.38324546278795263,-0.9008348366897171,-0.06023373903595071,-0.2679912409936483,-0.09392686942929863,-1.6545192854178496,0.1243002383176024,-0.2164636994510686,-0.21300795850028975,0.11175910958897095,0.17355415027626794,-0.3425379078287525
0.43126317106799356,-0.3370838220774986,-0.20022721163167895,-0.3490379229930488,-0.2106491556166675,-0.21848575155715577,0.22325297840013983,-0.3444822397269254,-0.19543682901529677,0.1086115976286405,0.7332936699623398,-0.2526631367950771,1.2195566608990989,0.051092685484402954,1.8671295871142393,0.09049600950647203,-0.10378358024678151,-0.3080740677433045,-0.7741451476198966,0.15147147834649288,-0.02685959113876138,0.08760215188163033,0.5182938653335782,-0.2655807359473077,-0.9008348366897171,-0.06023373903595071,-0.2679912409936483,-0.09392686942929863,-0.13853329848204962,-0.5565491386755279,-0.030408750688379744,-0.28558887064982924,0.11175910958897095,-0.20476130099132384,-0.29338889376007493
0.43126317106799356,-0.3370838220774986,0.6601924611541986,-0.26716651448302375,-0.2106491556166675,-0.21848575155715577,0.22325297840013983,0.6389245465202037,-0.19543682901529677,0.1086115976286405,0.7334774666634388,-0.2526631367950771,-0.49287643553398985,0.051092685484402954,1.873913981476672,0.09049600950647203,-0.124744709048855,-0.3080740677433045,-0.7760258989608081,0.15147147834649288,0.3002563006307198,0.08760215188163033,0.5182938653335782,-0.38324546278795263,-0.4606723154725499,-0.06023373903595071,-0.2679912409936483,-0.09392686942929863,-0.5427962283315948,-0.17829948479045662,-0.12343622506972517,-0.19112573076581776,0.11175910958897095,0.20383330782942374,-0.39168692189743526
0.43126317106799356,-0.3370838220774986,-0.20022721163167895,-0.32134191329603856,-0.2106491556166675,-0.21848575155715577,0.22325297840013983,-0.016679977644551897,-0.2279671270472305,0.1086115976286405,0.7336111369915109,-0.2526631367950771,1.2195566608990989,0.051092685484402954,1.8657727082417521,0.29944988736437933,-0.18762809545507547,-0.3080740677433045,-0.7755192624561827,0.15147147834649288,-0.35397548290824254,0.08760215188163033,0.5182938653335782,-0.38324546278795263,-0.9008348366897171,-0.06023373903595071,-0.2679912409936483,-0.09392686942929863,-1.3513220880306853,-0.4052492771214994,-0.030408750688379744,-0.2662520634740585,0.11175910958897095,-0.19849664770446399,-0.39168692189743526
0.43126317106799356,-0.3370838220774986,-0.20022721163167895,-0.18336282622669564,-0.2106491556166675,-0.21848575155715577,0.22325297840013983,-0.016679977644551897,-0.2279671270472305,0.1086115976286405,0.7337066157972767,-0.2526631367950771,0.8390159728028591,0.051092685484402954,1.8691649054229693,0.09049600950647203,-0.16666696665299918,-0.3080740677433045,-0.7769631504595973,0.05265129763283887,-0.19041753702349326,0.08760215188163033,0.5182938653335782,-0.38324546278795263,-0.8128023324462799,-0.06023373903595071,-0.2679912409936483,-0.09392686942929863,-1.4523878204930663,-0.5565491386755279,-0.030408750688379744,-0.0584371294994028,0.11175910958897095,0.6141680981187436,-0.39168692189743526
0.32245752783436993,-0.3370838220774986,-0.20022721163167895,-0.33665701943340337,-0.2106491556166675,-0.21848575155715577,0.22325297840013983,-0.3444822397269254,-0.16290653098336305,0.1086115976286405,0.7338951864386639,-0.2526631367950771,1.6000973489953385,0.051092685484402954,1.8549176772618594,0.5084037652222724,-0.13522527344989035,-0.3080740677433045,-0.773040752937152,0.10206138798966324,-0.02685959113876138,0.08760215188163033,0.5182938653335782,-0.38324546278795263,-0.7247698282028521,-0.06023373903595071,-0.2679912409936483,-0.09392686942929863,-0.13853329848204962,-0.25394941556747086,0.06261872369296569,-0.2734556257316838,0.11175910958897095,-0.20545737357875257,-0.39168692189743526
0.43126317106799356,-0.3370838220774986,-0.20022721163167895,-0.3121814759802316,-0.2106491556166675,-0.21848575155715577,0.22325297840013983,-0.3444822397269254,-0.2279671270472305,0.1086115976286405,0.7340678439457571,-0.2526631367950771,1.7903676930434584,0.051092685484402954,1.8684864659867266,0.29944988736437933,-0.124744709048855,-0.3080740677433045,-0.7753358041535531,0.05265129763283887,-0.6810913746777237,0.08760215188163033,0.5182938653335782,-0.38324546278795263,-0.9008348366897171,-0.06023373903595071,-0.2679912409936483,-0.09392686942929863,0.9731897586042052,-0.48089920789851365,-0.030408750688379744,-0.2406808524320499,0.11175910958897095,-0.02726279119696157,-0.39168692189743526
0.43126317106799356,-0.3370838220774986,-0.20022721163167895,-0.3299298232796076,-0.2106491556166675,-0.21848575155715577,0.22325297840013983,-0.3444822397269254,-0.16290653098336305,0.1086115976286405,0.7342126534678349,-0.2526631367950771,1.2195566608990989,0.051092685484402954,1.8386351307920197,0.5084037652222724,-0.10378358024678151,-0.3080740677433045,-0.7677447612736937,0.15147147834649288,-0.19041753702349326,0.08760215188163033,0.5182938653335782,-0.38324546278795263,-0.9888673409331449,-0.06023373903595071,-0.2679912409936483,-0.09392686942929863,1.3774526884537504,-0.25394941556747086,0.01610498650229198,-0.2693457171395051,0.11175910958897095,-0.20998184539704032,-0.3425379078287525
0.43126317106799356,-0.3370838220774986,-0.20022721163167895,-0.24963286493323691,-0.2106491556166675,-0.21848575155715577,0.22325297840013983,0.3111222844378216,0.06480555524017377,0.1086115976286405,0.7343864248943285,-0.2526631367950771,1.029286316850979,0.051092685484402954,1.873913981476672,0.6128807041512261,-0.10378358024678151,-0.3080740677433045,-0.7725705651019241,0.15147147834649288,-0.35397548290824254,0.08760215188163033,0.5182938653335782,-0.324413099367627,-0.8128023324462799,-0.06023373903595071,-0.2679912409936483,-0.09392686942929863,1.2763869559913694,-0.25394941556747086,0.2951874096463263,-0.14311449239884988,0.11175910958897095,0.27761700209688406,-0.29338889376007493
0.43126317106799356,-0.3370838220774986,-0.20022721163167895,-0.3302876528622563,-0.2106491556166675,-0.21848575155715577,0.22325297840013983,-0.016679977644551897,-0.16290653098336305,0.1086115976286405,0.7345022725119912,-0.2526631367950771,1.6000973489953385,0.051092685484402954,1.8610236321880493,0.19497294843542567,-0.09330301584574337,-0.3080740677433045,-0.7707335521642896,0.15147147834649288,0.13669835474598793,0.08760215188163033,0.5182938653335782,-0.324413099367627,-0.7247698282028521,-0.06023373903595071,-0.2679912409936483,-0.09392686942929863,-0.03746756601966869,-0.026999623236426105,0.01610498650229198,-0.2732554654564694,0.11175910958897095,-0.21694257127132913,-0.3425379078287525
0.43126317106799356,-0.3370838220774986,-0.20022721163167895,-0.19731817994999537,-0.2106491556166675,-0.30392832857183133,0.22325297840013983,0.3111222844378216,-0.06531563688756106,0.1086115976286405,0.7346359428400632,-0.2526631367950771,2.170908381139698,0.051092685484402954,1.873913981476672,0.6128807041512261,-0.25051148186129313,-0.3080740677433045,-0.7723300038839005,0.10206138798966324,0.13669835474598793,0.08760215188163033,0.5182938653335782,-0.38324546278795263,-0.7247698282028521,-0.06023373903595071,-0.2679912409936483,-0.09392686942929863,0.06359816644273378,-0.48089920789851365,-0.12343622506972517,-0.06521019998864407,0.11175910958897095,0.5306393876272789,-0.39168692189743526
0.43126317106799356,-0.3370838220774986,1.520612133940076,-0.34510179758391296,-0.2106491556166675,-0.21848575155715577,0.22325297840013983,-0.016679977644551897,-0.06531563688756106,0.1086115976286405,0.734814169944159,-0.2526631367950771,0.6487456287547292,0.051092685484402954,1.8630589504967794,0.19497294843542567,-0.10378358024678151,-0.3080740677433045,-0.7696935501308185,0.15147147834649288,-0.35397548290824254,0.08760215188163033,0.5182938653335782,-0.38324546278795263,-0.9008348366897171,-0.06023373903595071,-0.2679912409936483,-0.09392686942929863,-0.13853329848204962,0.2756000998716309,0.10913246088363741,-0.2825916177051661,0.11175910958897095,-0.20545737357875257,-0.39168692189743526
0.43126317106799356,-0.3370838220774986,-0.20022721163167895,-0.20318658510543428,-0.2106491556166675,-0.21848575155715577,0.22325297840013983,-0.6722845018092988,-0.2279671270472305,0.1086115976286405,0.7349211062066165,-0.11162960875581085,-0.30260609148587003,0.051092685484402954,1.8834121335840792,0.29944988736437933,0.05342488576877384,-0.3080740677433045,-0.773806903967885,0.15147147834649288,-0.8446493205624556,0.08760215188163033,0.5182938653335782,-0.324413099367627,-0.9008348366897171,-0.06023373903595071,-0.2679912409936483,-0.09392686942929863,-0.340664763406833,-0.5565491386755279,0.06261872369296569,-0.0726176019383076,0.11175910958897095,0.4592919474158194,-0.19509086562271458
0.43126317106799356,-0.3370838220774986,-0.20022721163167895,-0.3297151255300184,-0.2106491556166675,-0.21848575155715577,0.22325297840013983,-0.6722845018092988,-0.2279671270472305,0.1086115976286405,0.7350982193913121,-0.2056519607819867,0.6487456287547292,0.051092685484402954,1.8494901617719124,0.19497294843542567,-0.09330301584574058,-0.3080740677433045,-0.7697129894211593,0.15147147834649288,-0.19041753702349326,0.08760215188163033,0.5182938653335782,-0.2655807359473077,-0.9008348366897171,-0.06023373903595071,-0.2679912409936483,-0.09392686942929863,-0.13853329848204962,-0.48089920789851365,-0.2164636994510686,-0.27583768018340854,0.11175910958897095,-0.21346220833418472,-0.04764382341667143
0.43126317106799356,-0.2868476306553547,-0.20022721163167895,-0.19517120245410313,-0.2106491556166675,-0.21848575155715577,0.22325297840013983,0.3111222844378216,-0.19543682901529677,0.1086115976286405,0.7352953831252181,-0.15864078476890128,1.9806380370915782,0.051092685484402954,1.873913981476672,0.7173576430801655,0.021983192565665007,-0.3080740677433045,-0.7713867123198903,0.15147147834649288,0.3002563006307198,0.08760215188163033,0.5182938653335782,-0.2655807359473077,-0.6367373239594148,-0.06023373903595071,-0.2679912409936483,-0.09392686942929863,-0.23959903094443052,-0.3295993463444851,-0.030408750688379744,-0.06042180693415763,0.11175910958897095,0.4968798671369787,-0.19509086562271458
0.43126317106799356,-0.08590286496678988,-0.20022721163167895,-0.3692195114544361,-0.2106491556166675,-0.21848575155715577,0.22325297840013983,-0.3444822397269254,-0.06531563688756106,0.1086115976286405,0.7354156864204832,-0.2056519607819867,1.4098270049472186,0.051092685484402954,1.8589883138793195,0.6128807041512261,0.042944321367735704,-0.3080740677433045,-0.7751997291211267,0.15147147834649288,0.13669835474598793,0.08760215188163033,0.5182938653335782,-0.08908364568633721,-0.5487048197159871,-0.06023373903595071,-0.2679912409936483,-0.09392686942929863,0.06359816644273378,-0.17829948479045662,0.06261872369296569,-0.32429265621932607,0.11175910958897095,-0.427852565262277,-0.04764382341667143
0.32245752783436993,0.3159866664103398,-0.20022721163167895,-0.31311183289511824,-0.2106491556166675,0.0378419794868952,0.22325297840013983,0.6389245465202037,-0.13037623295142936,0.1086115976286405,0.7355994831215822,0.1704374473227167,2.7417194132840574,0.051092685484402954,1.8671295871142393,0.29944988736437933,0.2106333517843236,-0.3080740677433045,-0.7784460906088028,0.15147147834649288,0.627372192400201,0.08760215188163033,0.5182938653335782,0.087413444574627,-0.3726398112291221,-0.06023373903595071,-0.20843407428799002,-0.09392686942929863,1.5795841533785338,-0.25394941556747086,0.10913246088363741,-0.23027840518781742,0.11175910958897095,-0.01612562979809962,0.34554828913276997
0.43126317106799356,0.4164590492546222,-0.20022721163167895,-0.3232741930423416,-0.2106491556166675,0.0378419794868952,0.22325297840013983,-0.6722845018092988,-0.2279671270472305,0.1086115976286405,0.7357665710316722,0.45250450340124426,0.4584752847066093,0.051092685484402954,1.8657727082417521,0.6128807041512261,0.3468806889977943,-0.18342892309228176,-0.7763101985821087,0.15147147834649288,0.3002563006307198,0.08760215188163033,0.5182938653335782,0.44040762509656173,-0.4606723154725499,-0.06023373903595071,0.08935175924028237,-0.09392686942929863,1.983847083228079,-0.10264955401344238,0.06261872369296569,-0.2740929007255651,0.11175910958897095,-0.26288336204163465,0.34554828913276997
0.43126317106799356,0.4164590492546222,0.6601924611541986,-0.32649465928618004,0.6131241291558488,0.29416971053093405,0.22325297840013983,-0.016679977644551897,-0.16290653098336305,0.1086115976286405,0.7359280893447591,0.45250450340124426,1.2195566608990989,0.051092685484402954,1.907835953288839,0.29944988736437933,0.5040891550133357,0.6267645171393693,-0.7809488992407697,0.2008815687033225,0.3002563006307198,0.08760215188163033,0.5182938653335782,0.49923998851688733,-0.4606723154725499,-0.06023373903595071,0.5658090928855233,-0.09392686942929863,1.983847083228079,0.4268999614256594,0.24867367245565455,-0.268659137960185,0.11175910958897095,-0.1532519295215872,0.34554828913276997
0.43126317106799356,0.4164590492546222,0.6601924611541986,-0.3601306400551588,0.3934512532165119,0.29416971053093405,0.22325297840013983,-0.016679977644551897,-0.09784593491949478,0.30504047874680157,0.7360673292698342,0.45250450340124426,-0.30260609148587003,0.051092685484402954,1.8712002237316994,0.5084037652222724,0.5250502838154064,0.6267645171393693,-0.7776478647489973,0.15147147834649288,0.627372192400201,0.08760215188163033,0.5182938653335782,0.49923998851688733,-0.3726398112291221,-0.06023373903595071,0.32758042606290283,-0.09392686942929863,1.3774526884537504,0.19995016909461666,0.15564619807430913,-0.30448782722356854,0.11175910958897095,-0.28620179372050164,0.34554828913276997
0.43126317106799356,0.4164590492546222,-0.20022721163167895,-0.3738712960288693,0.3934512532165119,0.29416971053093405,0.22325297840013983,-0.3444822397269254,-0.13037623295142936,0.1086115976286405,0.7361954300009032,-0.06461843274272543,0.4584752847066093,0.051092685484402954,1.8834121335840792,0.4039268262933187,0.29447786699261197,0.5644419448138547,-0.779379176545379,0.15147147834649288,-0.02685959113876138,0.08760215188163033,0.5182938653335782,0.49923998851688733,-0.6367373239594148,-0.06023373903595071,0.3871375927685611,-0.09392686942929863,1.3774526884537504,0.35125003064864513,0.10913246088363741,-0.3133287299677825,0.11175910958897095,-0.24652565623705597,0.29639927506408714
0.43126317106799356,0.4164590492546222,-0.20022721163167895,-0.3483222638277514,0.009023720322669397,0.29416971053093405,0.22325297840013983,-0.3444822397269254,-0.03278533885562736,0.1086115976286405,0.7363513787169873,0.40549332738815386,0.2682049406584895,0.051092685484402954,1.8630589504967794,0.4039268262933187,0.46216689740919153,0.6267645171393693,-0.7766868348325451,0.15147147834649288,0.4638142465154691,0.08760215188163033,0.5182938653335782,0.49923998851688733,-0.4606723154725499,-0.06023373903595071,0.5062519261798714,-0.09392686942929863,1.4785184209161313,0.4268999614256594,0.06261872369296569,-0.28828220376484703,0.11175910958897095,-0.2065014824598959,0.34554828913276997
0.43126317106799356,0.4164590492546222,-0.20022721163167895,-0.349538884408757,0.5582059101710116,0.29416971053093405,0.22325297840013983,-0.6722845018092988,-0.16290653098336305,0.1086115976286405,0.7365251501434809,0.45250450340124426,1.6000973489953385,0.051092685484402954,1.873913981476672,0.29944988736437933,0.6822587498309561,0.6267645171393693,-0.7793820924389335,0.2502916590601469,0.627372192400201,0.08760215188163033,0.5182938653335782,0.49923998851688733,-0.5487048197159871,-0.06023373903595071,0.6253662595911815,-0.09392686942929863,1.3774526884537504,0.5025498922026737,0.01610498650229198,-0.2949816859176125,0.11175910958897095,-0.22633955120161875,0.34554828913276997
0.43126317106799356,0.4164590492546222,-0.20022721163167895,-0.3284985049490128,0.6131241291558488,0.4308778337544198,0.9727088863380428,-0.6722845018092988,-0.16290653098336305,0.8452199018217471,0.7366187193731313,0.45250450340124426,1.029286316850979,0.051092685484402954,1.8671295871142393,0.5084037652222724,0.8499477802475468,0.6267645171393693,-0.7771813217807092,0.8926228336989005,-0.35397548290824254,0.08760215188163033,0.5182938653335782,0.49923998851688733,-0.8128023324462799,-0.06023373903595071,0.6253662595911815,-0.09392686942929863,1.6806498858409147,-0.026999623236426105,0.15564619807430913,-0.27529018296002783,0.11175910958897095,-0.2106779179844693,0.5421443454074907
0.43126317106799356,0.4164590492546222,-0.20022721163167895,-0.35082707090629234,0.6131241291558488,0.29416971053093405,0.22325297840013983,-0.3444822397269254,-0.2279671270472305,0.1086115976286405,0.7367390226683963,0.12342627130962629,0.4584752847066093,0.051092685484402954,1.8834121335840792,0.7173576430801655,0.37832238220090036,0.6267645171393693,-0.7784694177572118,0.15147147834649288,-0.19041753702349326,0.08760215188163033,0.5182938653335782,0.49923998851688733,-0.6367373239594148,-0.06023373903595071,0.6253662595911815,-0.09392686942929863,2.185978548152841,0.2756000998716309,0.15564619807430913,-0.29299774436622233,0.11175910958897095,-0.2193788253273302,0.34554828913276997
0.43126317106799356,-0.23661143923321618,-0.20022721163167895,-0.28040620904102603,0.6131241291558488,0.29416971053093405,-0.12649311197088028,0.3111222844378216,-0.2279671270472305,0.1086115976286405,0.7369306168052993,-0.2526631367950771,1.7903676930434584,0.051092685484402954,1.8589883138793195,0.7173576430801655,0.25255560938846777,0.6267645171393693,-0.775603094395797,0.15147147834649288,0.13669835474598793,0.08760215188163033,0.5182938653335782,0.49923998851688733,-0.6367373239594148,-0.06023373903595071,0.6253662595911815,-0.09392686942929863,-0.13853329848204962,0.35125003064864513,-0.07692248787905147,-0.24032542076687136,0.11175910958897095,-0.2193788253273302,0.24725026099540962
0.32245752783436993,-0.3370838220774986,-0.20022721163167895,-0.25299646301013473,-0.2106491556166675,0.0378419794868952,-0.526202929537763,0.6389245465202037,-0.19543682901529677,-0.627996706564466,0.7381225105639415,-0.5817413688866951,1.7903676930434584,0.051092685484402954,1.8684864659867266,0.6128807041512261,-0.061861322642628946,-0.3080740677433045,-0.7796853453683181,-0.3920395155786068,-0.35397548290824254,0.08760215188163033,0.5182938653335782,0.49923998851688733,-0.3726398112291221,-0.06023373903595071,-0.08931974087667979,-0.09392686942929863,0.36679536382987654,0.04865030754058815,0.01610498650229198,0.5740828313732266,0.11175910958897095,-0.011949194273526479,-0.39168692189743526
0.43126317106799356,-0.3370838220774986,-0.20022721163167895,-0.33293559177385684,-0.2106491556166675,-0.11595465913954145,-0.276384293558463,0.3111222844378216,-0.2279671270472305,-0.08781728348952055,0.7392921259345717,-0.2526631367950771,1.6000973489953385,0.051092685484402954,1.8549176772618594,0.6128807041512261,0.2211139161853478,-0.05878377844125903,-0.7777997342048248,-0.19439915415129877,0.13669835474598793,0.08760215188163033,0.5182938653335782,0.2639105348355975,-0.5487048197159871,-0.06023373903595071,-0.02976257417102786,-0.09392686942929863,1.074255491066586,-0.026999623236426105,0.06261872369296569,-0.2793618256172391,0.11175910958897095,-0.22111900679590227,-0.3425379078287525
0.43126317106799356,0.4164590492546222,-0.20022721163167895,-0.33687171718299264,0.6131241291558488,0.29416971053093405,0.9727088863380428,0.3111222844378216,0.06480555524017377,0.8452199018217471,0.7394926314266798,0.45250450340124426,0.4584752847066093,0.051092685484402954,1.8752708603491592,0.6128807041512261,1.353014871497291,0.6267645171393693,-0.7818333869514735,0.8926228336989005,0.9544880841696821,0.08760215188163033,0.5182938653335782,0.5580723519372129,-0.19657480274225708,-0.06023373903595071,0.6253662595911815,-0.09392686942929863,1.3774526884537504,0.2756000998716309,0.20215993526498283,-0.28458218220683906,0.11175910958897095,-0.2524422732302014,0.8370384298195717
0.32245752783436993,0.7178761977874694,0.6601924611541986,-0.3313611416102025,0.6131241291558488,0.29416971053093405,0.9727088863380428,0.6389245465202037,0.06480555524017377,0.8452199018217471,0.7396263017547517,0.45250450340124426,-0.30260609148587003,0.051092685484402954,1.8630589504967794,0.8218345820091191,1.436859386705582,0.751409661790392,-0.7800607666631125,0.8926228336989005,1.2816039759391633,0.08760215188163033,0.5182938653335782,0.6757370787778578,-0.2846073069856849,-0.06023373903595071,0.7444805930024917,-0.09392686942929863,1.3774526884537504,0.1243002383176024,0.15564619807430913,-0.27270502469962965,0.11175910958897095,-0.2447854747684839,0.8370384298195717
0.43126317106799356,0.5671676235210484,-0.20022721163167895,-0.3373726785987008,0.3934512532165119,0.29416971053093405,0.7728539775546027,-0.016679977644551897,-0.13037623295142936,0.452362139585425,0.7397265545008058,0.45250450340124426,1.6000973489953385,0.051092685484402954,1.8793414969666191,0.4039268262933187,1.2901314850910761,0.6267645171393693,-0.7811603015232753,0.8926228336989005,0.627372192400201,0.08760215188163033,0.5182938653335782,0.49923998851688733,-0.5487048197159871,-0.06023373903595071,0.6849234262968398,-0.09392686942929863,0.7710582936794218,0.5025498922026737,0.06261872369296569,-0.28257984357133,0.11175910958897095,-0.2308640230199065,0.49299533133881307
0.43126317106799356,0.4164590492546222,-0.20022721163167895,-0.3327924599407973,-0.2106491556166675,0.29416971053093405,0.9727088863380428,-0.016679977644551897,-0.0002550408236936515,0.6978982409831237,0.7398936424108958,0.45250450340124426,1.2195566608990989,0.051092685484402954,1.8589883138793195,0.19497294843542567,1.2272480986848557,0.6267645171393693,-0.788017511192589,0.8926228336989005,1.1180460300544315,0.08760215188163033,0.5182938653335782,0.49923998851688733,-0.3726398112291221,-0.06023373903595071,0.6253662595911815,-0.09392686942929863,0.1646638989051147,0.5025498922026737,-0.030408750688379744,-0.2680351088668694,0.11175910958897095,-0.22459936973304667,0.39469730320145274
0.43126317106799356,0.4164590492546222,-0.20022721163167895,-0.2932880740163797,-0.2106491556166675,0.0378419794868952,0.8228177047504627,-0.3444822397269254,0.3250479394956443,0.30504047874680157,0.7401075149358108,0.45250450340124426,0.8390159728028591,0.051092685484402954,1.9119065899062988,0.5084037652222724,1.1958064054817497,0.6267645171393693,-0.7902787866420051,0.8926228336989005,0.3002563006307198,0.08760215188163033,0.5182938653335782,0.49923998851688733,-0.5487048197159871,-0.06023373903595071,0.6253662595911815,-0.09392686942929863,-0.13853329848204962,0.9564494768647632,-0.030408750688379744,-0.22615230716161402,0.11175910958897095,0.11508405293224275,0.4438463172701303
0.32245752783436993,0.4164590492546222,0.6601924611541986,-0.33508256926974905,-0.2106491556166675,0.0378419794868952,0.3231804327918599,-0.016679977644551897,0.09733585327210748,0.1577188179081834,0.7403614885591479,0.45250450340124426,0.8390159728028591,0.051092685484402954,1.8630589504967794,0.09049600950647203,1.1434035834765672,0.6267645171393693,-0.7891182610083939,0.8926228336989005,0.7909301382849503,0.08760215188163033,0.5182938653335782,0.49923998851688733,-0.4606723154725499,-0.06023373903595071,0.6253662595911815,-0.09392686942929863,-0.13853329848204962,-0.17829948479045662,-0.030408750688379744,-0.27944277278736257,0.11175910958897095,-0.19675646623589166,0.4438463172701303
0.43126317106799356,0.4164590492546222,-0.20022721163167895,-0.3236320226249903,-0.2106491556166675,0.1574615873074422,0.7228902503587427,-0.6722845018092988,-0.09784593491949478,0.5014693598649627,0.7404951588872198,0.45250450340124426,0.2682049406584895,0.051092685484402954,1.8657727082417521,0.29944988736437933,1.3006120494921087,0.6267645171393693,-0.7907074229941253,0.8926228336989005,0.4638142465154691,0.08760215188163033,0.5182938653335782,0.49923998851688733,-0.8128023324462799,-0.06023373903595071,0.6253662595911815,0.29566628125653793,-0.13853329848204962,0.1243002383176024,-0.030408750688379744,-0.25971373977817525,0.11175910958897095,-0.08051234413527027,0.4438463172701303
0.43126317106799356,0.4164590492546222,0.6601924611541986,-0.3186224084679084,-0.2106491556166675,0.0378419794868952,0.22325297840013983,-0.016679977644551897,-0.09784593491949478,0.1086115976286405,0.7406288292152919,0.45250450340124426,0.6487456287547292,0.051092685484402954,1.8630589504967794,0.19497294843542567,1.164364712278638,0.6267645171393693,-0.7702937382202217,0.8926228336989005,0.627372192400201,0.08760215188163033,0.5182938653335782,0.49923998851688733,-0.3726398112291221,-0.06023373903595071,0.6253662595911815,-0.09392686942929863,-0.13853329848204962,-0.17829948479045662,0.01610498650229198,-0.26298253368443447,0.11175910958897095,-0.1532519295215872,0.34554828913276997
0.43126317106799356,0.4164590492546222,-0.20022721163167895,-0.29887021550569953,-0.2106491556166675,0.0378419794868952,0.22325297840013983,-0.016679977644551897,-0.13037623295142936,0.1086115976286405,0.741965532496012,0.45250450340124426,-0.49287643553398985,0.051092685484402954,1.895624043436459,0.09049600950647203,1.1538841478776027,0.6267645171393693,-0.7773137519461822,0.8926228336989005,0.627372192400201,0.08760215188163033,0.5182938653335782,0.49923998851688733,-0.4606723154725499,-0.06023373903595071,0.6253662595911815,-0.09392686942929863,-0.13853329848204962,0.1243002383176024,0.10913246088363741,-0.22704456574138424,0.11175910958897095,-0.010034994658096846,0.34554828913276997
0.43126317106799356,0.4164590492546222,1.520612133940076,-0.3434557815037289,-0.2106491556166675,0.05493049488982788,0.3731441599877199,0.3111222844378216,-0.06531563688756106,0.20682603818772102,0.7420992028240841,0.45250450340124426,1.6000973489953385,0.051092685484402954,1.8603451927518067,0.4039268262933187,1.0910007614713877,0.6267645171393693,-0.7723227141500211,0.8926228336989005,0.7909301382849503,0.08760215188163033,0.5182938653335782,0.49923998851688733,-0.6367373239594148,-0.06023373903595071,0.6253662595911815,-0.09392686942929863,-0.13853329848204962,-0.10264955401344238,-0.030408750688379744,-0.3023581807659561,0.11175910958897095,-0.34815225400167127,0.34554828913276997
0.43126317106799356,0.4164590492546222,0.6601924611541986,-0.3547631963154282,-0.2106491556166675,0.0378419794868952,0.4730716143794399,-0.016679977644551897,-0.13037623295142936,0.1577188179081834,0.7422161643611471,0.45250450340124426,0.8390159728028591,0.051092685484402954,1.8834121335840792,0.29944988736437933,1.206286969882785,0.6267645171393693,-0.7759967400252901,0.8926228336989005,-0.35397548290824254,0.08760215188163033,0.5182938653335782,0.5580723519372129,-1.076899845176582,-0.06023373903595071,0.6253662595911815,-0.09392686942929863,-0.13853329848204962,-0.026999623236426105,0.10913246088363741,-0.298497000751066,0.11175910958897095,-0.2576628176359179,0.4438463172701303
0.43126317106799356,0.4164590492546222,-0.20022721163167895,-0.3493957525756975,0.3934512532165119,0.29416971053093405,0.9727088863380428,-0.016679977644551897,0.09733585327210748,0.8452199018217471,0.7424556570322763,0.45250450340124426,1.9806380370915782,0.051092685484402954,1.8657727082417521,0.19497294843542567,1.3949371291014407,0.6267645171393693,-0.7746165504107665,0.8926228336989005,0.9544880841696821,0.08760215188163033,0.5182938653335782,0.6169047153575322,-0.2846073069856849,-0.06023373903595071,0.6253662595911815,-0.09392686942929863,0.1646638989051147,0.1243002383176024,-0.07692248787905147,-0.2949706476671411,0.11175910958897095,-0.2587069265170613,0.5912933594761735
0.43126317106799356,0.4164590492546222,-0.20022721163167895,-0.3430979519210802,0.6131241291558488,0.29416971053093405,0.22325297840013983,-0.3444822397269254,-0.19543682901529677,0.1086115976286405,0.7426004665543542,0.45250450340124426,0.4584752847066093,0.051092685484402954,1.899694680053919,-0.013980929422467364,1.3006120494921087,0.6267645171393693,-0.7780451552454302,0.8926228336989005,-0.02685959113876138,0.08760215188163033,0.5182938653335782,0.5580723519372129,-0.7247698282028521,-0.06023373903595071,0.863594926413802,-0.09392686942929863,0.1646638989051147,0.19995016909461666,0.24867367245565455,-0.2892881563244725,0.11175910958897095,-0.24269725700619718,0.49299533133881307
0.43126317106799356,0.8183485806317519,-0.20022721163167895,-0.21943204815768574,0.6131241291558488,0.5334089261720402,0.9227451591421827,-0.3444822397269254,0.06480555524017377,0.7961126815422042,0.7427174280914172,0.45250450340124426,1.9806380370915782,0.051092685484402954,1.8712002237316994,0.09049600950647203,1.583587288320105,1.561603102022043,-0.7753078601736771,0.8926228336989005,0.627372192400201,0.08760215188163033,0.5182938653335782,1.3817254398217271,-0.19657480274225708,-0.06023373903595071,1.5187237601760113,-0.09392686942929863,-0.03746756601966869,0.19995016909461666,0.01610498650229198,-0.07412910636952254,0.11175910958897095,0.28109736503402843,0.7878894157508941
0.43126317106799356,0.5169314320989046,-0.20022721163167895,-0.07655069580605556,0.6131241291558488,0.5504974415749728,0.3731441599877199,-0.3444822397269254,-0.06531563688756106,0.1577188179081834,0.7434091720391898,0.45250450340124426,-0.30260609148587003,0.051092685484402954,1.8983378011814316,0.4039268262933187,1.3320537426952204,1.187667668068975,-0.7782390621666222,0.8926228336989005,-0.19041753702349326,0.08760215188163033,0.5182938653335782,1.0875636227201118,-0.8128023324462799,-0.06023373903595071,1.1018235932364224,0.29566628125653793,1.2763869559913694,0.5025498922026737,0.20215993526498283,0.17851069100269495,0.11175910958897095,0.9860448779526183,0.5912933594761735
0.43126317106799356,0.4164590492546222,0.6601924611541986,-0.3218428747117468,0.6131241291558488,0.49923189536616874,0.9727088863380428,0.6389245465202037,0.2599873434317769,0.5996838004240431,0.7402278182310759,0.45250450340124426,1.029286316850979,0.051092685484402954,1.8549176772618594,0.19497294843542567,1.4368593867055879,0.6890870894648841,-0.775457299718207,0.8926228336989005,1.4451619218239127,0.08760215188163033,0.5182938653335782,1.1463959861404374,-0.020509794255392094,-0.06023373903595071,1.1018235932364224,-0.09392686942929863,1.3774526884537504,0.4268999614256594,0.10913246088363741,-0.27169539272318044,0.11175910958897095,-0.20893773651589698,0.5912933594761735
0.43126317106799356,0.5169314320989046,-0.20022721163167895,-0.06098510896083645,0.6131241291558488,0.46505486456029727,0.5729990687711599,0.3111222844378216,0.09733585327210748,0.4032549193058821,0.7404015896575694,0.45250450340124426,0.4584752847066093,0.051092685484402954,1.8732355420404292,0.5084037652222724,1.457820515507664,1.0630225234179522,-0.7780699403406232,0.8926228336989005,0.13669835474598793,0.08760215188163033,0.5182938653335782,1.0875636227201118,-0.5487048197159871,-0.06023373903595071,1.1018235932364224,-0.09392686942929863,1.3774526884537504,0.4268999614256594,0.20215993526498283,0.07554000353870517,0.11175910958897095,1.574516244574776,0.7387404016822113
0.43126317106799356,0.4164590492546222,1.520612133940076,-0.3519005596542385,0.6131241291558488,0.5504974415749728,0.6229627959670226,0.6389245465202037,0.19492674736790946,0.2559332584672639,0.7405619940512559,0.45250450340124426,-0.8734171236302296,0.051092685484402954,1.8549176772618594,0.7173576430801655,1.4054176935024763,1.249990240394483,-0.7752969255728579,0.8926228336989005,0.7909301382849503,0.08760215188163033,0.5182938653335782,1.0875636227201118,-0.2846073069856849,-0.06023373903595071,1.1018235932364224,-0.09392686942929863,-0.13853329848204962,0.6538497537567022,0.06261872369296569,-0.29638280784411347,0.11175910958897095,-0.22111900679590227,0.8370384298195717
0.43126317106799356,0.8685847720538957,-0.20022721163167895,-0.3254211705382339,0.6131241291558488,0.5504974415749728,0.9727088863380428,-0.016679977644551897,0.16239644933597575,0.6978982409831237,0.7406689303137134,0.45250450340124426,1.029286316850979,0.051092685484402954,1.8630589504967794,0.4039268262933187,1.6255095459242492,1.561603102022043,-0.7782653052085857,0.8926228336989005,1.1180460300544315,0.08760215188163033,0.5182938653335782,1.3817254398217271,-0.3726398112291221,-0.06023373903595071,1.5187237601760113,-0.09392686942929863,-0.8459934257187591,1.1077493384187918,-0.030408750688379744,-0.2731215346840833,0.11175910958897095,-0.19849664770446399,0.7878894157508941
0.32245752783436993,0.4164590492546222,-0.20022721163167895,-0.3354403988523978,0.6131241291558488,0.39670080294854837,0.22325297840013983,-0.6722845018092988,-0.16290653098336305,0.2559332584672639,0.740963005035472,0.45250450340124426,1.6000973489953385,0.051092685484402954,1.8630589504967794,0.7173576430801655,0.7451421362371738,0.6267645171393693,-0.7927193895448679,0.7443925626284169,-0.02685959113876138,0.08760215188163033,0.5182938653335782,0.49923998851688733,-0.8128023324462799,-0.06023373903595071,0.6253662595911815,-0.09392686942929863,-0.5427962283315948,-0.10264955401344238,-0.07692248787905147,-0.28085566884769975,0.11175910958897095,-0.22633955120161875,0.34554828913276997
0.43126317106799356,0.4164590492546222,-0.20022721163167895,-0.31060702581657723,0.6131241291558488,0.5504974415749728,0.4730716143794399,-0.016679977644551897,-0.06531563688756106,0.5014693598649627,0.741096675363544,0.45250450340124426,-0.8734171236302296,0.051092685484402954,1.887482770201539,0.29944988736437933,0.8709089090496204,0.6267645171393693,-0.7953728526770066,0.8432127433420709,0.627372192400201,0.08760215188163033,0.5182938653335782,0.5580723519372129,-0.2846073069856849,-0.06023373903595071,0.6253662595911815,-0.09392686942929863,-0.4417304958692139,0.35125003064864513,0.01610498650229198,-0.23424113710704436,0.11175910958897095,-0.12714920749300454,0.4438463172701303
0.43126317106799356,0.4164590492546222,-0.20022721163167895,-0.3459605885822699,0.6131241291558488,0.6872055647984768,0.22325297840013983,-0.016679977644551897,-0.06531563688756106,0.1086115976286405,0.741297180855652,0.45250450340124426,0.6487456287547292,0.051092685484402954,1.8630589504967794,0.7173576430801655,0.8289866514454733,0.6267645171393693,-0.793069296771084,0.7938026529852465,0.9544880841696821,0.08760215188163033,0.5182938653335782,0.7934018056185027,-0.19657480274225708,-0.06023373903595071,0.6253662595911815,-0.09392686942929863,-1.048124890643521,0.35125003064864513,0.06261872369296569,-0.29228467338577097,0.11175910958897095,-0.23504045854447964,0.39469730320145274
